Id,Label,Timestamp,start,end
Abandoned Jerrys,Abandoned Jerrys,1,2021-11-28 15:05:40,2021-12-01 15:05:40
Abrodolph Lincoler,Abrodolph Lincoler,2,2021-11-27 15:05:40,2021-11-30 15:05:40
Adam,Adam,3,2021-11-26 15:05:40,2021-11-29 15:05:40
Adjudicator Rick,Adjudicator Rick,4,2021-11-25 15:05:40,2021-11-28 15:05:40
Afro Rick,Afro Rick,5,2021-11-24 15:05:40,2021-11-27 15:05:40
Agent Gribbles,Agent Gribbles,6,2021-11-23 15:05:40,2021-11-26 15:05:40
Alan Rails,Alan Rails,7,2021-11-22 15:05:40,2021-11-25 15:05:40
Albert Einstein,Albert Einstein,8,2021-11-21 15:05:40,2021-11-24 15:05:40
Alexander,Alexander,9,2021-11-20 15:05:40,2021-11-23 15:05:40
Alien Googah,Alien Googah,10,2021-11-19 15:05:40,2021-11-22 15:05:40
Alien Morty,Alien Morty,11,2021-11-18 15:05:40,2021-11-21 15:05:40
Alien Rick,Alien Rick,12,2021-11-17 15:05:40,2021-11-20 15:05:40
Alyson Hannigan,Alyson Hannigan,13,2021-11-16 15:05:40,2021-11-19 15:05:40
Amfiddians,Amfiddians,14,2021-11-15 15:05:40,2021-11-18 15:05:40
Amish Cyborg,Amish Cyborg,15,2021-11-14 15:05:40,2021-11-17 15:05:40
Annie,Annie,16,2021-11-13 15:05:40,2021-11-16 15:05:40
Annika,Annika,17,2021-11-12 15:05:40,2021-11-15 15:05:40
Antenna Morty,Antenna Morty,18,2021-11-11 15:05:40,2021-11-14 15:05:40
Antenna Rick,Antenna Rick,19,2021-11-10 15:05:40,2021-11-13 15:05:40
Ants in my Eyes Johnson,Ants in my Eyes Johnson,20,2021-11-09 15:05:40,2021-11-12 15:05:40
Ants in my Eyes Morty,Ants in my Eyes Morty,21,2021-11-08 15:05:40,2021-11-11 15:05:40
Aqua Morty,Aqua Morty,22,2021-11-07 15:05:40,2021-11-10 15:05:40
Aqua Rick,Aqua Rick,23,2021-11-06 15:05:40,2021-11-09 15:05:40
Arcade Alien,Arcade Alien,24,2021-11-05 15:05:40,2021-11-08 15:05:40
Arm Head Mutant Morty,Arm Head Mutant Morty,25,2021-11-04 15:05:40,2021-11-07 15:05:40
Armagheadon,Armagheadon,26,2021-11-03 15:05:40,2021-11-06 15:05:40
Armothy,Armothy,27,2021-11-02 15:05:40,2021-11-05 15:05:40
Arthricia,Arthricia,28,2021-11-01 15:05:40,2021-11-04 15:05:40
Artist Morty,Artist Morty,29,2021-10-31 15:05:40,2021-11-03 15:05:40
Attila Starwar,Attila Starwar,30,2021-10-30 15:05:40,2021-11-02 15:05:40
Baby Legs,Baby Legs,31,2021-10-29 15:05:40,2021-11-01 15:05:40
Baby Poopybutthole,Baby Poopybutthole,32,2021-10-28 15:05:40,2021-10-31 15:05:40
Baby Wizard,Baby Wizard,33,2021-10-27 15:05:40,2021-10-30 15:05:40
Balthromaw,Balthromaw,34,2021-10-26 15:05:40,2021-10-29 15:05:40
Bearded Lady,Bearded Lady,35,2021-10-25 15:05:40,2021-10-28 15:05:40
Beebo,Beebo,36,2021-10-24 15:05:40,2021-10-27 15:05:40
Benjamin,Benjamin,37,2021-10-23 15:05:40,2021-10-26 15:05:40
Bepisians,Bepisians,38,2021-10-22 15:05:40,2021-10-25 15:05:40
Beta-Seven,Beta-Seven,39,2021-10-21 15:05:40,2021-10-24 15:05:40
Beth Sanchez (C-137),Beth Sanchez (C-137),40,2021-10-20 15:05:40,2021-10-23 15:05:40
Beth Sanchez (C-500A),Beth Sanchez (C-500A),41,2021-10-19 15:05:40,2021-10-22 15:05:40
Beth Sanchez (Simple Rick's Dimension),Beth Sanchez (Simple Rick's Dimension),42,2021-10-18 15:05:40,2021-10-21 15:05:40
Beth Smith,Beth Smith,43,2021-10-17 15:05:40,2021-10-20 15:05:40
Beth Smith (304-X),Beth Smith (304-X),44,2021-10-16 15:05:40,2021-10-19 15:05:40
Beth Smith (C-132),Beth Smith (C-132),45,2021-10-15 15:05:40,2021-10-18 15:05:40
Beth Smith (Evil Rick's Target Dimension),Beth Smith (Evil Rick's Target Dimension),46,2021-10-14 15:05:40,2021-10-17 15:05:40
Beth's Mytholog,Beth's Mytholog,47,2021-10-13 15:05:40,2021-10-16 15:05:40
Big Boobed Waitress,Big Boobed Waitress,48,2021-10-12 15:05:40,2021-10-15 15:05:40
Big Fat Rick,Big Fat Rick,49,2021-10-11 15:05:40,2021-10-14 15:05:40
Big Morty,Big Morty,50,2021-10-10 15:05:40,2021-10-13 15:05:40
Big Morty's Bodyguard Mortys,Big Morty's Bodyguard Mortys,51,2021-10-09 15:05:40,2021-10-12 15:05:40
Big-Head Morty,Big-Head Morty,52,2021-10-08 15:05:40,2021-10-11 15:05:40
Bill (Dog),Bill (Dog),53,2021-10-07 15:05:40,2021-10-10 15:05:40
Birdperson,Birdperson,54,2021-10-06 15:05:40,2021-10-09 15:05:40
Birdperson's Daughter,Birdperson's Daughter,55,2021-10-05 15:05:40,2021-10-08 15:05:40
Blamphs,Blamphs,56,2021-10-04 15:05:40,2021-10-07 15:05:40
Blazen,Blazen,57,2021-10-03 15:05:40,2021-10-06 15:05:40
Blim Blam,Blim Blam,58,2021-10-02 15:05:40,2021-10-05 15:05:40
Blue Footprint Guy,Blue Footprint Guy,59,2021-10-01 15:05:40,2021-10-04 15:05:40
Blue Shirt Morty,Blue Shirt Morty,60,2021-09-30 15:05:40,2021-10-03 15:05:40
Bobby Moynihan,Bobby Moynihan,61,2021-09-29 15:05:40,2021-10-02 15:05:40
Boobloosians,Boobloosians,62,2021-09-28 15:05:40,2021-10-01 15:05:40
Bootleg Portal Chemist Rick,Bootleg Portal Chemist Rick,63,2021-09-27 15:05:40,2021-09-30 15:05:40
Borpocians,Borpocians,64,2021-09-26 15:05:40,2021-09-29 15:05:40
Bova,Bova,65,2021-09-25 15:05:40,2021-09-28 15:05:40
Brad,Brad,66,2021-09-24 15:05:40,2021-09-27 15:05:40
Brad Anderson,Brad Anderson,67,2021-09-23 15:05:40,2021-09-26 15:05:40
Bruce Chutback,Bruce Chutback,68,2021-09-22 15:05:40,2021-09-25 15:05:40
Bullies,Bullies,69,2021-09-21 15:05:40,2021-09-24 15:05:40
Butter Robot,Butter Robot,70,2021-09-20 15:05:40,2021-09-23 15:05:40
Butter Robot (Fortnite),Butter Robot (Fortnite),71,2021-09-19 15:05:40,2021-09-22 15:05:40
Buttmouth,Buttmouth,72,2021-09-18 15:05:40,2021-09-21 15:05:40
Calypso,Calypso,73,2021-09-17 15:05:40,2021-09-20 15:05:40
Canklanker Thom,Canklanker Thom,74,2021-09-16 15:05:40,2021-09-19 15:05:40
Catogami,Catogami,75,2021-09-15 15:05:40,2021-09-18 15:05:40
Centaur,Centaur,76,2021-09-14 15:05:40,2021-09-17 15:05:40
Chris,Chris,77,2021-09-13 15:05:40,2021-09-16 15:05:40
Chris (The Ricks Must Be Crazy),Chris (The Ricks Must Be Crazy),78,2021-09-12 15:05:40,2021-09-15 15:05:40
Chud King,Chud King,79,2021-09-11 15:05:40,2021-09-14 15:05:40
Coach Feratu,Coach Feratu,80,2021-09-10 15:05:40,2021-09-13 15:05:40
Colossus,Colossus,81,2021-09-09 15:05:40,2021-09-12 15:05:40
Comedian,Comedian,82,2021-09-08 15:05:40,2021-09-11 15:05:40
Commander Rick,Commander Rick,83,2021-09-07 15:05:40,2021-09-10 15:05:40
Concerto,Concerto,84,2021-09-06 15:05:40,2021-09-09 15:05:40
Conroy,Conroy,85,2021-09-05 15:05:40,2021-09-08 15:05:40
Cool Rick,Cool Rick,86,2021-09-04 15:05:40,2021-09-07 15:05:40
Coop,Coop,87,2021-09-03 15:05:40,2021-09-06 15:05:40
Council of Ricks,Council of Ricks,88,2021-09-02 15:05:40,2021-09-05 15:05:40
Courier Flap,Courier Flap,89,2021-09-01 15:05:40,2021-09-04 15:05:40
Cousin Nicky,Cousin Nicky,90,2021-08-31 15:05:40,2021-09-03 15:05:40
Crazy Cat Rick,Crazy Cat Rick,91,2021-08-30 15:05:40,2021-09-02 15:05:40
Crocubot,Crocubot,92,2021-08-29 15:05:40,2021-09-01 15:05:40
Cromulons,Cromulons,93,2021-08-28 15:05:40,2021-08-31 15:05:40
Cronenberg Morty,Cronenberg Morty,94,2021-08-27 15:05:40,2021-08-30 15:05:40
Cronenberg Rick,Cronenberg Rick,95,2021-08-26 15:05:40,2021-08-29 15:05:40
Crop Top Morty,Crop Top Morty,96,2021-08-25 15:05:40,2021-08-28 15:05:40
Crowscare,Crowscare,97,2021-08-24 15:05:40,2021-08-27 15:05:40
Crustolomons,Crustolomons,98,2021-08-23 15:05:40,2021-08-26 15:05:40
Crystallized Morty,Crystallized Morty,99,2021-08-22 15:05:40,2021-08-25 15:05:40
Cult Leader Morty,Cult Leader Morty,100,2021-08-21 15:05:40,2021-08-24 15:05:40
Curly-haired Rick,Curly-haired Rick,101,2021-08-20 15:05:40,2021-08-23 15:05:40
Cyclops Morty,Cyclops Morty,102,2021-08-19 15:05:40,2021-08-22 15:05:40
Cyclops Rick,Cyclops Rick,103,2021-08-18 15:05:40,2021-08-21 15:05:40
Cynthia,Cynthia,104,2021-08-17 15:05:40,2021-08-20 15:05:40
Cynthia (Rixty Minutes),Cynthia (Rixty Minutes),105,2021-08-16 15:05:40,2021-08-19 15:05:40
Dale,Dale,106,2021-08-15 15:05:40,2021-08-18 15:05:40
Dale's Son,Dale's Son,107,2021-08-14 15:05:40,2021-08-17 15:05:40
Dangelians,Dangelians,108,2021-08-13 15:05:40,2021-08-16 15:05:40
Daphne,Daphne,109,2021-08-12 15:05:40,2021-08-15 15:05:40
Daron Jefferson,Daron Jefferson,110,2021-08-11 15:05:40,2021-08-14 15:05:40
Darth Poopybutthole,Darth Poopybutthole,111,2021-08-10 15:05:40,2021-08-13 15:05:40
Dave,Dave,112,2021-08-09 15:05:40,2021-08-12 15:05:40
David Letterman,David Letterman,113,2021-08-08 15:05:40,2021-08-11 15:05:40
David Prime,David Prime,114,2021-08-07 15:05:40,2021-08-10 15:05:40
Davin,Davin,115,2021-08-06 15:05:40,2021-08-09 15:05:40
Da’hou Ungherstahnk,Da’hou Ungherstahnk,116,2021-08-05 15:05:40,2021-08-08 15:05:40
Defiance Doctor,Defiance Doctor,117,2021-08-04 15:05:40,2021-08-07 15:05:40
Delta,Delta,118,2021-08-03 15:05:40,2021-08-06 15:05:40
Diablo Verde,Diablo Verde,119,2021-08-02 15:05:40,2021-08-05 15:05:40
Diane Sanchez,Diane Sanchez,120,2021-08-01 15:05:40,2021-08-04 15:05:40
Diesel Weasel,Diesel Weasel,121,2021-07-31 15:05:40,2021-08-03 15:05:40
Dipper and Mabel Mortys,Dipper and Mabel Mortys,122,2021-07-30 15:05:40,2021-08-02 15:05:40
Diseases,Diseases,123,2021-07-29 15:05:40,2021-08-01 15:05:40
Donna Guterman,Donna Guterman,124,2021-07-28 15:05:40,2021-07-31 15:05:40
Doofus Rick,Doofus Rick,125,2021-07-27 15:05:40,2021-07-30 15:05:40
Doom-Nomitron,Doom-Nomitron,126,2021-07-26 15:05:40,2021-07-29 15:05:40
Dr. Glip-Glop,Dr. Glip-Glop,127,2021-07-25 15:05:40,2021-07-28 15:05:40
Dr. Schmidt,Dr. Schmidt,128,2021-07-24 15:05:40,2021-07-27 15:05:40
Dr. Wong,Dr. Wong,129,2021-07-23 15:05:40,2021-07-26 15:05:40
Dr. Xenon Bloom,Dr. Xenon Bloom,130,2021-07-22 15:05:40,2021-07-25 15:05:40
Drippy Boy,Drippy Boy,131,2021-07-21 15:05:40,2021-07-24 15:05:40
Duck with Muscles,Duck with Muscles,132,2021-07-20 15:05:40,2021-07-23 15:05:40
Dwayne,Dwayne,133,2021-07-19 15:05:40,2021-07-22 15:05:40
Eddie,Eddie,134,2021-07-18 15:05:40,2021-07-21 15:05:40
Eli,Eli,135,2021-07-17 15:05:40,2021-07-20 15:05:40
Eli's Girlfriend,Eli's Girlfriend,136,2021-07-16 15:05:40,2021-07-19 15:05:40
Eric Stoltz Mask Morty,Eric Stoltz Mask Morty,137,2021-07-15 15:05:40,2021-07-18 15:05:40
Ethan,Ethan,138,2021-07-14 15:05:40,2021-07-17 15:05:40
Evil Beth Clone,Evil Beth Clone,139,2021-07-13 15:05:40,2021-07-16 15:05:40
Evil Jerry Clone,Evil Jerry Clone,140,2021-07-12 15:05:40,2021-07-15 15:05:40
Evil Morty,Evil Morty,141,2021-07-11 15:05:40,2021-07-14 15:05:40
Evil Rick Sanchez,Evil Rick Sanchez,142,2021-07-10 15:05:40,2021-07-13 15:05:40
Evil Summer Clone,Evil Summer Clone,143,2021-07-09 15:05:40,2021-07-12 15:05:40
Eyehole Man,Eyehole Man,144,2021-07-08 15:05:40,2021-07-11 15:05:40
Farmer Rick,Farmer Rick,145,2021-07-07 15:05:40,2021-07-10 15:05:40
Farmer Rick's Dog,Farmer Rick's Dog,146,2021-07-06 15:05:40,2021-07-09 15:05:40
Fart,Fart,147,2021-07-05 15:05:40,2021-07-08 15:05:40
Fascist Morty,Fascist Morty,148,2021-07-04 15:05:40,2021-07-07 15:05:40
Fast Aging Alien,Fast Aging Alien,149,2021-07-03 15:05:40,2021-07-06 15:05:40
Father Bob,Father Bob,150,2021-07-02 15:05:40,2021-07-05 15:05:40
Flansians,Flansians,151,2021-07-01 15:05:40,2021-07-04 15:05:40
Fleeb,Fleeb,152,2021-06-30 15:05:40,2021-07-03 15:05:40
Fleeblebox IV,Fleeblebox IV,153,2021-06-29 15:05:40,2021-07-02 15:05:40
Flex Xando,Flex Xando,154,2021-06-28 15:05:40,2021-07-01 15:05:40
Florflok,Florflok,155,2021-06-27 15:05:40,2021-06-30 15:05:40
Frank Palicky,Frank Palicky,156,2021-06-26 15:05:40,2021-06-29 15:05:40
Frankenstein's Monster,Frankenstein's Monster,157,2021-06-25 15:05:40,2021-06-28 15:05:40
Fulgora,Fulgora,158,2021-06-24 15:05:40,2021-06-27 15:05:40
Fungo,Fungo,159,2021-06-23 15:05:40,2021-06-26 15:05:40
Gaia,Gaia,160,2021-06-22 15:05:40,2021-06-25 15:05:40
Galactic Federation President,Galactic Federation President,161,2021-06-21 15:05:40,2021-06-24 15:05:40
Gar Gloonch,Gar Gloonch,162,2021-06-20 15:05:40,2021-06-23 15:05:40
Gar's Mytholog,Gar's Mytholog,163,2021-06-19 15:05:40,2021-06-22 15:05:40
Garblovians,Garblovians,164,2021-06-18 15:05:40,2021-06-21 15:05:40
Garmanarnar,Garmanarnar,165,2021-06-17 15:05:40,2021-06-20 15:05:40
Garment District Rick,Garment District Rick,166,2021-06-16 15:05:40,2021-06-19 15:05:40
Gazorpazorpfield (Character),Gazorpazorpfield (Character),167,2021-06-15 15:05:40,2021-06-18 15:05:40
Gazorpians,Gazorpians,168,2021-06-14 15:05:40,2021-06-17 15:05:40
Geardude,Geardude,169,2021-06-13 15:05:40,2021-06-16 15:05:40
Gene,Gene,170,2021-06-12 15:05:40,2021-06-15 15:05:40
General Nathan,General Nathan,171,2021-06-11 15:05:40,2021-06-14 15:05:40
General Store Owner,General Store Owner,172,2021-06-10 15:05:40,2021-06-13 15:05:40
Genital Washer,Genital Washer,173,2021-06-09 15:05:40,2021-06-12 15:05:40
Ghost in a Jar,Ghost in a Jar,174,2021-06-08 15:05:40,2021-06-11 15:05:40
Gibble Snake,Gibble Snake,175,2021-06-07 15:05:40,2021-06-10 15:05:40
Glar,Glar,176,2021-06-06 15:05:40,2021-06-09 15:05:40
Glarb,Glarb,177,2021-06-05 15:05:40,2021-06-08 15:05:40
Glasses Morty,Glasses Morty,178,2021-06-04 15:05:40,2021-06-07 15:05:40
Glaxo Slimslom,Glaxo Slimslom,179,2021-06-03 15:05:40,2021-06-06 15:05:40
Glenn,Glenn,180,2021-06-02 15:05:40,2021-06-05 15:05:40
Glenn (Rixty Minutes),Glenn (Rixty Minutes),181,2021-06-01 15:05:40,2021-06-04 15:05:40
Glootie,Glootie,182,2021-05-31 15:05:40,2021-06-03 15:05:40
GlorpDieBlorp,GlorpDieBlorp,183,2021-05-30 15:05:40,2021-06-02 15:05:40
Gobo,Gobo,184,2021-05-29 15:05:40,2021-06-01 15:05:40
Goddess Beth,Goddess Beth,185,2021-05-28 15:05:40,2021-05-31 15:05:40
Goomby,Goomby,186,2021-05-27 15:05:40,2021-05-30 15:05:40
Gordon Lunas,Gordon Lunas,187,2021-05-26 15:05:40,2021-05-29 15:05:40
Gorpathian Dermaks,Gorpathian Dermaks,188,2021-05-25 15:05:40,2021-05-28 15:05:40
Grace,Grace,189,2021-05-24 15:05:40,2021-05-27 15:05:40
Grace Smith,Grace Smith,190,2021-05-23 15:05:40,2021-05-26 15:05:40
Greebybobes,Greebybobes,191,2021-05-22 15:05:40,2021-05-25 15:05:40
Greg,Greg,192,2021-05-21 15:05:40,2021-05-24 15:05:40
Gromflomites,Gromflomites,193,2021-05-20 15:05:40,2021-05-23 15:05:40
Gwendolyn,Gwendolyn,194,2021-05-19 15:05:40,2021-05-22 15:05:40
Hambrosians,Hambrosians,195,2021-05-18 15:05:40,2021-05-21 15:05:40
Hammerhead Morty,Hammerhead Morty,196,2021-05-17 15:05:40,2021-05-20 15:05:40
Hammerhead Morty (Fortnite),Hammerhead Morty (Fortnite),197,2021-05-16 15:05:40,2021-05-19 15:05:40
Hamsters In Butts,Hamsters In Butts,198,2021-05-15 15:05:40,2021-05-18 15:05:40
Hamurai,Hamurai,199,2021-05-14 15:05:40,2021-05-17 15:05:40
Harold,Harold,200,2021-05-13 15:05:40,2021-05-16 15:05:40
Harold The Garbage Goober,Harold The Garbage Goober,201,2021-05-12 15:05:40,2021-05-15 15:05:40
Healthy Rick,Healthy Rick,202,2021-05-11 15:05:40,2021-05-14 15:05:40
Heistotron,Heistotron,203,2021-05-10 15:05:40,2021-05-13 15:05:40
Helium-Q,Helium-Q,204,2021-05-09 15:05:40,2021-05-12 15:05:40
Hemorrhage,Hemorrhage,205,2021-05-08 15:05:40,2021-05-11 15:05:40
Hephaestus,Hephaestus,206,2021-05-07 15:05:40,2021-05-10 15:05:40
Heroin Keith,Heroin Keith,207,2021-05-06 15:05:40,2021-05-09 15:05:40
Hole in the Wall Where the Men Can See it All,Hole in the Wall Where the Men Can See it All,208,2021-05-05 15:05:40,2021-05-08 15:05:40
Holly Hooks,Holly Hooks,209,2021-05-04 15:05:40,2021-05-07 15:05:40
Hologram Rick,Hologram Rick,210,2021-05-03 15:05:40,2021-05-06 15:05:40
Hologram Rick (Edge of Tomorty: Rick Die Repeat),Hologram Rick (Edge of Tomorty: Rick Die Repeat),211,2021-05-02 15:05:40,2021-05-05 15:05:40
Hookah Alien,Hookah Alien,212,2021-05-01 15:05:40,2021-05-04 15:05:40
Hoovy,Hoovy,213,2021-04-30 15:05:40,2021-05-03 15:05:40
Hothead Rick,Hothead Rick,214,2021-04-29 15:05:40,2021-05-02 15:05:40
Hunter,Hunter,215,2021-04-28 15:05:40,2021-05-01 15:05:40
Hunter's Father,Hunter's Father,216,2021-04-27 15:05:40,2021-04-30 15:05:40
Hydrogen-F,Hydrogen-F,217,2021-04-26 15:05:40,2021-04-29 15:05:40
Ideal Jerry,Ideal Jerry,218,2021-04-25 15:05:40,2021-04-28 15:05:40
Insurance Rick,Insurance Rick,219,2021-04-24 15:05:40,2021-04-27 15:05:40
Investigator Rick,Investigator Rick,220,2021-04-23 15:05:40,2021-04-26 15:05:40
Invisi-troopers,Invisi-troopers,221,2021-04-22 15:05:40,2021-04-25 15:05:40
Izzy,Izzy,222,2021-04-21 15:05:40,2021-04-24 15:05:40
Jacob Philip,Jacob Philip,223,2021-04-20 15:05:40,2021-04-23 15:05:40
Jacqueline,Jacqueline,224,2021-04-19 15:05:40,2021-04-22 15:05:40
Jaguar,Jaguar,225,2021-04-18 15:05:40,2021-04-21 15:05:40
Jamey,Jamey,226,2021-04-17 15:05:40,2021-04-20 15:05:40
Jan-Michael Vincent,Jan-Michael Vincent,227,2021-04-16 15:05:40,2021-04-19 15:05:40
Japheth,Japheth,228,2021-04-15 15:05:40,2021-04-18 15:05:40
Jarshog Mollar,Jarshog Mollar,229,2021-04-14 15:05:40,2021-04-17 15:05:40
Jeff,Jeff,230,2021-04-13 15:05:40,2021-04-16 15:05:40
Jerry Smith (304-X),Jerry Smith (304-X),231,2021-04-12 15:05:40,2021-04-15 15:05:40
Jerry Smith (C-500A),Jerry Smith (C-500A),232,2021-04-11 15:05:40,2021-04-14 15:05:40
Jerry Smith (Cronenberged dimension),Jerry Smith (Cronenberged dimension),233,2021-04-10 15:05:40,2021-04-13 15:05:40
Jerry Smith (Evil Rick's Target Dimension),Jerry Smith (Evil Rick's Target Dimension),234,2021-04-09 15:05:40,2021-04-12 15:05:40
Jerry's Mytholog,Jerry's Mytholog,235,2021-04-08 15:05:40,2021-04-11 15:05:40
Jessica,Jessica,236,2021-04-07 15:05:40,2021-04-10 15:05:40
Jessica's Grandma,Jessica's Grandma,237,2021-04-06 15:05:40,2021-04-09 15:05:40
Jesus Christ,Jesus Christ,238,2021-04-05 15:05:40,2021-04-08 15:05:40
Jew,Jew,239,2021-04-04 15:05:40,2021-04-07 15:05:40
Jodie,Jodie,240,2021-04-03 15:05:40,2021-04-06 15:05:40
Johnny Depp,Johnny Depp,241,2021-04-02 15:05:40,2021-04-05 15:05:40
Jon,Jon,242,2021-04-01 15:05:40,2021-04-04 15:05:40
Joseph Lipnip,Joseph Lipnip,243,2021-03-31 15:05:40,2021-04-03 15:05:40
Josiah,Josiah,244,2021-03-30 15:05:40,2021-04-02 15:05:40
Joyce Smith,Joyce Smith,245,2021-03-29 15:05:40,2021-04-01 15:05:40
Juggling Rick,Juggling Rick,246,2021-03-28 15:05:40,2021-03-31 15:05:40
Karen Entity,Karen Entity,247,2021-03-27 15:05:40,2021-03-30 15:05:40
Katarina,Katarina,248,2021-03-26 15:05:40,2021-03-29 15:05:40
Katherine Heffelfinger,Katherine Heffelfinger,249,2021-03-25 15:05:40,2021-03-28 15:05:40
Kathy Ireland,Kathy Ireland,250,2021-03-24 15:05:40,2021-03-27 15:05:40
Kelsey Shawsen,Kelsey Shawsen,251,2021-03-23 15:05:40,2021-03-26 15:05:40
Kendra,Kendra,252,2021-03-22 15:05:40,2021-03-25 15:05:40
Kevin,Kevin,253,2021-03-21 15:05:40,2021-03-24 15:05:40
Khlorgg,Khlorgg,254,2021-03-20 15:05:40,2021-03-23 15:05:40
Kiara,Kiara,255,2021-03-19 15:05:40,2021-03-22 15:05:40
King Flippy Nips,King Flippy Nips,256,2021-03-18 15:05:40,2021-03-21 15:05:40
Kl’iiik Mijupsrit,Kl’iiik Mijupsrit,257,2021-03-17 15:05:40,2021-03-20 15:05:40
Korlunxes,Korlunxes,258,2021-03-16 15:05:40,2021-03-19 15:05:40
Kozbians,Kozbians,259,2021-03-15 15:05:40,2021-03-18 15:05:40
Kristen Stewart,Kristen Stewart,260,2021-03-14 15:05:40,2021-03-17 15:05:40
Krombopulos Michael,Krombopulos Michael,261,2021-03-13 15:05:40,2021-03-16 15:05:40
Kyle,Kyle,262,2021-03-12 15:05:40,2021-03-15 15:05:40
Lady Katana,Lady Katana,263,2021-03-11 15:05:40,2021-03-14 15:05:40
Larva Aliens,Larva Aliens,264,2021-03-10 15:05:40,2021-03-13 15:05:40
Lawyer Morty,Lawyer Morty,265,2021-03-09 15:05:40,2021-03-12 15:05:40
Leonard Smith,Leonard Smith,266,2021-03-08 15:05:40,2021-03-11 15:05:40
Lighthouse Keeper,Lighthouse Keeper,267,2021-03-07 15:05:40,2021-03-10 15:05:40
Lil B,Lil B,268,2021-03-06 15:05:40,2021-03-09 15:05:40
Lisa,Lisa,269,2021-03-05 15:05:40,2021-03-08 15:05:40
Little Dipper,Little Dipper,270,2021-03-04 15:05:40,2021-03-07 15:05:40
Little Ricky Wrap-it-up,Little Ricky Wrap-it-up,271,2021-03-03 15:05:40,2021-03-06 15:05:40
Lizard Morty,Lizard Morty,272,2021-03-02 15:05:40,2021-03-05 15:05:40
Lizard Rick,Lizard Rick,273,2021-03-01 15:05:40,2021-03-04 15:05:40
Loggins,Loggins,274,2021-02-28 15:05:40,2021-03-03 15:05:40
Logic,Logic,275,2021-02-27 15:05:40,2021-03-02 15:05:40
Long Sleeved Morty,Long Sleeved Morty,276,2021-02-26 15:05:40,2021-03-01 15:05:40
Lord Henderfinger,Lord Henderfinger,277,2021-02-25 15:05:40,2021-02-28 15:05:40
Lucius Needful,Lucius Needful,278,2021-02-24 15:05:40,2021-02-27 15:05:40
Lucy,Lucy,279,2021-02-23 15:05:40,2021-02-26 15:05:40
Maggie,Maggie,280,2021-02-22 15:05:40,2021-02-25 15:05:40
Magnesium-J,Magnesium-J,281,2021-02-21 15:05:40,2021-02-24 15:05:40
Man Painted Silver Who Makes Robot Noises,Man Painted Silver Who Makes Robot Noises,282,2021-02-20 15:05:40,2021-02-23 15:05:40
Mar-Sha,Mar-Sha,283,2021-02-19 15:05:40,2021-02-22 15:05:40
Masy Kallerax,Masy Kallerax,284,2021-02-18 15:05:40,2021-02-21 15:05:40
Maximums Rickimus,Maximums Rickimus,285,2021-02-17 15:05:40,2021-02-20 15:05:40
MC Haps,MC Haps,286,2021-02-16 15:05:40,2021-02-19 15:05:40
McGlaargle,McGlaargle,287,2021-02-15 15:05:40,2021-02-18 15:05:40
Mecha Morty (Fortnite),Mecha Morty (Fortnite),288,2021-02-14 15:05:40,2021-02-17 15:05:40
Mechanical Morty,Mechanical Morty,289,2021-02-13 15:05:40,2021-02-16 15:05:40
Mechanical Rick,Mechanical Rick,290,2021-02-12 15:05:40,2021-02-15 15:05:40
Mechanical Summer,Mechanical Summer,291,2021-02-11 15:05:40,2021-02-14 15:05:40
Memory Parasites,Memory Parasites,292,2021-02-10 15:05:40,2021-02-13 15:05:40
Memory Rick,Memory Rick,293,2021-02-09 15:05:40,2021-02-12 15:05:40
Michael (The ABC's of Beth),Michael (The ABC's of Beth),294,2021-02-08 15:05:40,2021-02-11 15:05:40
Michael Denny and the Denny Singers,Michael Denny and the Denny Singers,295,2021-02-07 15:05:40,2021-02-10 15:05:40
Michael Jenkins,Michael Jenkins,296,2021-02-06 15:05:40,2021-02-09 15:05:40
Michael McLick,Michael McLick,297,2021-02-05 15:05:40,2021-02-08 15:05:40
Michael Thompson,Michael Thompson,298,2021-02-04 15:05:40,2021-02-07 15:05:40
Miggs,Miggs,299,2021-02-03 15:05:40,2021-02-06 15:05:40
Miles Knightly,Miles Knightly,300,2021-02-02 15:05:40,2021-02-05 15:05:40
Million Ants,Million Ants,301,2021-02-01 15:05:40,2021-02-04 15:05:40
Mitch,Mitch,302,2021-01-31 15:05:40,2021-02-03 15:05:40
Morty Jr.,Morty Jr.,303,2021-01-30 15:05:40,2021-02-02 15:05:40
Morty Rick,Morty Rick,304,2021-01-29 15:05:40,2021-02-01 15:05:40
Morty Smith,Morty Smith,305,2021-01-28 15:05:40,2021-01-31 15:05:40
Morty Smith (304-X),Morty Smith (304-X),306,2021-01-27 15:05:40,2021-01-30 15:05:40
Morty Smith (C-132),Morty Smith (C-132),307,2021-01-26 15:05:40,2021-01-29 15:05:40
Morty Smith (Evil Rick's Target Dimension),Morty Smith (Evil Rick's Target Dimension),308,2021-01-25 15:05:40,2021-01-28 15:05:40
Morty Smith (K-22),Morty Smith (K-22),309,2021-01-24 15:05:40,2021-01-27 15:05:40
Morty Smith (Replacement Dimension),Morty Smith (Replacement Dimension),310,2021-01-23 15:05:40,2021-01-26 15:05:40
Morty's Girlfriend,Morty's Girlfriend,311,2021-01-22 15:05:40,2021-01-25 15:05:40
Mortytown Locos,Mortytown Locos,312,2021-01-21 15:05:40,2021-01-24 15:05:40
Mr. Always Wants To Be Hunted,Mr. Always Wants To Be Hunted,313,2021-01-20 15:05:40,2021-01-23 15:05:40
Mr. Beauregard,Mr. Beauregard,314,2021-01-19 15:05:40,2021-01-22 15:05:40
Mr. Benson,Mr. Benson,315,2021-01-18 15:05:40,2021-01-21 15:05:40
Mr. Booby Buyer,Mr. Booby Buyer,316,2021-01-17 15:05:40,2021-01-20 15:05:40
Mr. Goldenfold,Mr. Goldenfold,317,2021-01-16 15:05:40,2021-01-19 15:05:40
Mr. Goldenfold (Wasp Universe),Mr. Goldenfold (Wasp Universe),318,2021-01-15 15:05:40,2021-01-18 15:05:40
Mr. Goldenfold's Larvae,Mr. Goldenfold's Larvae,319,2021-01-14 15:05:40,2021-01-17 15:05:40
Mr. Marklovitz,Mr. Marklovitz,320,2021-01-13 15:05:40,2021-01-16 15:05:40
Mr. Meeseeks,Mr. Meeseeks,321,2021-01-12 15:05:40,2021-01-15 15:05:40
Mr. Meeseeks (Kirkland),Mr. Meeseeks (Kirkland),322,2021-01-11 15:05:40,2021-01-14 15:05:40
Mr. Nimbus,Mr. Nimbus,323,2021-01-10 15:05:40,2021-01-13 15:05:40
Mr. Poopybutthole,Mr. Poopybutthole,324,2021-01-09 15:05:40,2021-01-12 15:05:40
Mr. Poopybutthole's Cat,Mr. Poopybutthole's Cat,325,2021-01-08 15:05:40,2021-01-11 15:05:40
Mr. Poopybutthole's Dog,Mr. Poopybutthole's Dog,326,2021-01-07 15:05:40,2021-01-10 15:05:40
Mr. Sneezy,Mr. Sneezy,327,2021-01-06 15:05:40,2021-01-09 15:05:40
Mr. Youseeks,Mr. Youseeks,328,2021-01-05 15:05:40,2021-01-08 15:05:40
Mrs. Lipnip,Mrs. Lipnip,329,2021-01-04 15:05:40,2021-01-07 15:05:40
Mrs. Pancakes,Mrs. Pancakes,330,2021-01-03 15:05:40,2021-01-06 15:05:40
Mrs. Poopybutthole,Mrs. Poopybutthole,331,2021-01-02 15:05:40,2021-01-05 15:05:40
Mrs. Refrigerator,Mrs. Refrigerator,332,2021-01-01 15:05:40,2021-01-04 15:05:40
Mrs. Sullivan,Mrs. Sullivan,333,2020-12-31 15:05:40,2021-01-03 15:05:40
Mysterious Rick,Mysterious Rick,334,2020-12-30 15:05:40,2021-01-02 15:05:40
Nancy,Nancy,335,2020-12-29 15:05:40,2021-01-01 15:05:40
Naruto Smith,Naruto Smith,336,2020-12-28 15:05:40,2020-12-31 15:05:40
Nick,Nick,337,2020-12-27 15:05:40,2020-12-30 15:05:40
Nippalians,Nippalians,338,2020-12-26 15:05:40,2020-12-29 15:05:40
Noob-Noob,Noob-Noob,339,2020-12-25 15:05:40,2020-12-28 15:05:40
Numbericons,Numbericons,340,2020-12-24 15:05:40,2020-12-27 15:05:40
Octopus Man,Octopus Man,341,2020-12-23 15:05:40,2020-12-26 15:05:40
Old Reptile,Old Reptile,342,2020-12-22 15:05:40,2020-12-25 15:05:40
Pants on Head Mutant Morty,Pants on Head Mutant Morty,343,2020-12-21 15:05:40,2020-12-24 15:05:40
Pat Guterman,Pat Guterman,344,2020-12-20 15:05:40,2020-12-23 15:05:40
Paul Fleishman,Paul Fleishman,345,2020-12-19 15:05:40,2020-12-22 15:05:40
Pawnshop Clerk,Pawnshop Clerk,346,2020-12-18 15:05:40,2020-12-21 15:05:40
Pencilvester,Pencilvester,347,2020-12-17 15:05:40,2020-12-20 15:05:40
Phillip Jacobs,Phillip Jacobs,348,2020-12-16 15:05:40,2020-12-19 15:05:40
Photography Cyborgs,Photography Cyborgs,349,2020-12-15 15:05:40,2020-12-18 15:05:40
Photography Raptor,Photography Raptor,350,2020-12-14 15:05:40,2020-12-17 15:05:40
Pichael Thompson,Pichael Thompson,351,2020-12-13 15:05:40,2020-12-16 15:05:40
Pickle Rick (character),Pickle Rick (character),352,2020-12-12 15:05:40,2020-12-15 15:05:40
Pickles the Drummer,Pickles the Drummer,353,2020-12-11 15:05:40,2020-12-14 15:05:40
Piece of Toast,Piece of Toast,354,2020-12-10 15:05:40,2020-12-13 15:05:40
Pink Sentient Switchblade,Pink Sentient Switchblade,355,2020-12-09 15:05:40,2020-12-12 15:05:40
Planetina,Planetina,356,2020-12-08 15:05:40,2020-12-11 15:05:40
Plumber Rick,Plumber Rick,357,2020-12-07 15:05:40,2020-12-10 15:05:40
Plutonian,Plutonian,358,2020-12-06 15:05:40,2020-12-09 15:05:40
Pom Poms,Pom Poms,359,2020-12-05 15:05:40,2020-12-08 15:05:40
Poncho,Poncho,360,2020-12-04 15:05:40,2020-12-07 15:05:40
Poop Jesus,Poop Jesus,361,2020-12-03 15:05:40,2020-12-06 15:05:40
Poñeta,Poñeta,362,2020-12-02 15:05:40,2020-12-05 15:05:40
Presidentress of the Mega Gargantuans,Presidentress of the Mega Gargantuans,363,2020-12-01 15:05:40,2020-12-04 15:05:40
Priest Witherspoon,Priest Witherspoon,364,2020-11-30 15:05:40,2020-12-03 15:05:40
Prince Nebulon,Prince Nebulon,365,2020-11-29 15:05:40,2020-12-02 15:05:40
Principal Vagina,Principal Vagina,366,2020-11-28 15:05:40,2020-12-01 15:05:40
Pripudlians,Pripudlians,367,2020-11-27 15:05:40,2020-11-30 15:05:40
Professor Shabooboo,Professor Shabooboo,368,2020-11-26 15:05:40,2020-11-29 15:05:40
Professor Tock,Professor Tock,369,2020-11-25 15:05:40,2020-11-28 15:05:40
Purge Planet Ruler,Purge Planet Ruler,370,2020-11-24 15:05:40,2020-11-27 15:05:40
Pussifer,Pussifer,371,2020-11-23 15:05:40,2020-11-26 15:05:40
Quantum Rick,Quantum Rick,372,2020-11-22 15:05:40,2020-11-25 15:05:40
Randy Dicknose,Randy Dicknose,373,2020-11-21 15:05:40,2020-11-24 15:05:40
Real Fake Doors Salesman,Real Fake Doors Salesman,374,2020-11-20 15:05:40,2020-11-23 15:05:40
Rebel Doctor,Rebel Doctor,375,2020-11-19 15:05:40,2020-11-22 15:05:40
Red Grin Grumble,Red Grin Grumble,376,2020-11-18 15:05:40,2020-11-21 15:05:40
Reggie,Reggie,377,2020-11-17 15:05:40,2020-11-20 15:05:40
Regional Manager Rick,Regional Manager Rick,378,2020-11-16 15:05:40,2020-11-19 15:05:40
Regular Legs,Regular Legs,379,2020-11-15 15:05:40,2020-11-18 15:05:40
Reverse Giraffe,Reverse Giraffe,380,2020-11-14 15:05:40,2020-11-17 15:05:40
Reverse Rick Outrage,Reverse Rick Outrage,381,2020-11-13 15:05:40,2020-11-16 15:05:40
"Revolio Clockberg, Jr.","Revolio Clockberg, Jr.",382,2020-11-12 15:05:40,2020-11-15 15:05:40
Ricardo Montoya,Ricardo Montoya,383,2020-11-11 15:05:40,2020-11-14 15:05:40
Richard,Richard,384,2020-11-10 15:05:40,2020-11-13 15:05:40
Rick D. Sanchez III,Rick D. Sanchez III,385,2020-11-09 15:05:40,2020-11-12 15:05:40
Rick Guilt Rick,Rick Guilt Rick,386,2020-11-08 15:05:40,2020-11-11 15:05:40
Rick Prime,Rick Prime,387,2020-11-07 15:05:40,2020-11-10 15:05:40
Rick Sanchez,Rick Sanchez,388,2020-11-06 15:05:40,2020-11-09 15:05:40
Rick Sanchez (C-132),Rick Sanchez (C-132),389,2020-11-05 15:05:40,2020-11-08 15:05:40
Rick Sanchez (D-99),Rick Sanchez (D-99),390,2020-11-04 15:05:40,2020-11-07 15:05:40
Rick Sanchez (Evil Rick's Target Dimension),Rick Sanchez (Evil Rick's Target Dimension),391,2020-11-03 15:05:40,2020-11-06 15:05:40
Rick Sanchez (J-22),Rick Sanchez (J-22),392,2020-11-02 15:05:40,2020-11-05 15:05:40
Rick Sanchez (J19α7),Rick Sanchez (J19α7),393,2020-11-01 15:05:40,2020-11-04 15:05:40
Rick Sanchez (K-22),Rick Sanchez (K-22),394,2020-10-31 15:05:40,2020-11-03 15:05:40
Rick Sanchez (Replacement Dimension),Rick Sanchez (Replacement Dimension),395,2020-10-30 15:05:40,2020-11-02 15:05:40
Rick's Father,Rick's Father,396,2020-10-29 15:05:40,2020-11-01 15:05:40
Rick's Foal,Rick's Foal,397,2020-10-28 15:05:40,2020-10-31 15:05:40
Ricktiminus Sancheziminius,Ricktiminus Sancheziminius,398,2020-10-27 15:05:40,2020-10-30 15:05:40
Riq IV,Riq IV,399,2020-10-26 15:05:40,2020-10-29 15:05:40
Risotto Groupon,Risotto Groupon,400,2020-10-25 15:05:40,2020-10-28 15:05:40
Robert,Robert,401,2020-10-24 15:05:40,2020-10-27 15:05:40
Robobros,Robobros,402,2020-10-23 15:05:40,2020-10-26 15:05:40
Robot Morty,Robot Morty,403,2020-10-22 15:05:40,2020-10-25 15:05:40
Robot Rick,Robot Rick,404,2020-10-21 15:05:40,2020-10-24 15:05:40
Robot Soldiers,Robot Soldiers,405,2020-10-20 15:05:40,2020-10-23 15:05:40
Roger,Roger,406,2020-10-19 15:05:40,2020-10-22 15:05:40
Ron Benson,Ron Benson,407,2020-10-18 15:05:40,2020-10-21 15:05:40
Rose,Rose,408,2020-10-17 15:05:40,2020-10-20 15:05:40
Roy,Roy,409,2020-10-16 15:05:40,2020-10-19 15:05:40
Ruben,Ruben,410,2020-10-15 15:05:40,2020-10-18 15:05:40
Running Bird,Running Bird,411,2020-10-14 15:05:40,2020-10-17 15:05:40
Rurtaugh,Rurtaugh,412,2020-10-13 15:05:40,2020-10-16 15:05:40
Salesman Rick,Salesman Rick,413,2020-10-12 15:05:40,2020-10-15 15:05:40
Samantha,Samantha,414,2020-10-11 15:05:40,2020-10-14 15:05:40
Scary Brandon,Scary Brandon,415,2020-10-10 15:05:40,2020-10-13 15:05:40
Scary Glenn,Scary Glenn,416,2020-10-09 15:05:40,2020-10-12 15:05:40
Scary Melissa,Scary Melissa,417,2020-10-08 15:05:40,2020-10-11 15:05:40
Scary Terry,Scary Terry,418,2020-10-07 15:05:40,2020-10-10 15:05:40
Schlami,Schlami,419,2020-10-06 15:05:40,2020-10-09 15:05:40
Scroopy Noopers,Scroopy Noopers,420,2020-10-05 15:05:40,2020-10-08 15:05:40
Scropon,Scropon,421,2020-10-04 15:05:40,2020-10-07 15:05:40
Scrotians,Scrotians,422,2020-10-03 15:05:40,2020-10-06 15:05:40
SEAL Team Ricks,SEAL Team Ricks,423,2020-10-02 15:05:40,2020-10-05 15:05:40
Self-Congratulatory Jerry,Self-Congratulatory Jerry,424,2020-10-01 15:05:40,2020-10-04 15:05:40
Semosites,Semosites,425,2020-09-30 15:05:40,2020-10-03 15:05:40
Severnians,Severnians,426,2020-09-29 15:05:40,2020-10-02 15:05:40
Shadow Council of Ricks,Shadow Council of Ricks,427,2020-09-28 15:05:40,2020-10-01 15:05:40
Sheikh Rick,Sheikh Rick,428,2020-09-27 15:05:40,2020-09-30 15:05:40
Shimshamians,Shimshamians,429,2020-09-26 15:05:40,2020-09-29 15:05:40
Shleemypants,Shleemypants,430,2020-09-25 15:05:40,2020-09-28 15:05:40
Shmlamantha Shmlicelli,Shmlamantha Shmlicelli,431,2020-09-24 15:05:40,2020-09-27 15:05:40
Shmlangela Shmlobinson-Shmlower,Shmlangela Shmlobinson-Shmlower,432,2020-09-23 15:05:40,2020-09-26 15:05:40
Shmlona Shmlobinson,Shmlona Shmlobinson,433,2020-09-22 15:05:40,2020-09-25 15:05:40
Shmlonathan Shmlower,Shmlonathan Shmlower,434,2020-09-21 15:05:40,2020-09-24 15:05:40
Shmlony Shmlicelli,Shmlony Shmlicelli,435,2020-09-20 15:05:40,2020-09-23 15:05:40
Shmooglite Runner,Shmooglite Runner,436,2020-09-19 15:05:40,2020-09-22 15:05:40
Shnoopy Bloopers,Shnoopy Bloopers,437,2020-09-18 15:05:40,2020-09-21 15:05:40
Shrimp Rick,Shrimp Rick,438,2020-09-17 15:05:40,2020-09-20 15:05:40
Shrimply Pibbles,Shrimply Pibbles,439,2020-09-16 15:05:40,2020-09-19 15:05:40
Simon,Simon,440,2020-09-15 15:05:40,2020-09-18 15:05:40
Simple Rick,Simple Rick,441,2020-09-14 15:05:40,2020-09-17 15:05:40
Simulation Morty,Simulation Morty,442,2020-09-13 15:05:40,2020-09-16 15:05:40
Sleepy Gary,Sleepy Gary,443,2020-09-12 15:05:40,2020-09-15 15:05:40
Slick Morty,Slick Morty,444,2020-09-11 15:05:40,2020-09-14 15:05:40
Slippery Stair,Slippery Stair,445,2020-09-10 15:05:40,2020-09-13 15:05:40
Slow Mobius,Slow Mobius,446,2020-09-09 15:05:40,2020-09-12 15:05:40
Slow Rick,Slow Rick,447,2020-09-08 15:05:40,2020-09-11 15:05:40
Smarkians,Smarkians,448,2020-09-07 15:05:40,2020-09-10 15:05:40
Snuffles,Snuffles,449,2020-09-06 15:05:40,2020-09-09 15:05:40
Solicitor Rick,Solicitor Rick,450,2020-09-05 15:05:40,2020-09-08 15:05:40
Space Cruiser,Space Cruiser,451,2020-09-04 15:05:40,2020-09-07 15:05:40
Space Snake,Space Snake,452,2020-09-03 15:05:40,2020-09-06 15:05:40
Sperm Queen,Sperm Queen,453,2020-09-02 15:05:40,2020-09-05 15:05:40
Squanchy,Squanchy,454,2020-09-01 15:05:40,2020-09-04 15:05:40
Squeeb,Squeeb,455,2020-08-31 15:05:40,2020-09-03 15:05:40
Stacy,Stacy,456,2020-08-30 15:05:40,2020-09-02 15:05:40
Stair Goblins,Stair Goblins,457,2020-08-29 15:05:40,2020-09-01 15:05:40
Stealy,Stealy,458,2020-08-28 15:05:40,2020-08-31 15:05:40
Steve,Steve,459,2020-08-27 15:05:40,2020-08-30 15:05:40
Steve (Mortyplicity),Steve (Mortyplicity),460,2020-08-26 15:05:40,2020-08-29 15:05:40
Steven Phillips,Steven Phillips,461,2020-08-25 15:05:40,2020-08-28 15:05:40
Steven Smith,Steven Smith,462,2020-08-24 15:05:40,2020-08-27 15:05:40
Sticky,Sticky,463,2020-08-23 15:05:40,2020-08-26 15:05:40
Story Lord,Story Lord,464,2020-08-22 15:05:40,2020-08-25 15:05:40
Stu,Stu,465,2020-08-21 15:05:40,2020-08-24 15:05:40
Submarine Nazi,Submarine Nazi,466,2020-08-20 15:05:40,2020-08-23 15:05:40
Summer Smith,Summer Smith,467,2020-08-19 15:05:40,2020-08-22 15:05:40
Summer Smith (304-X),Summer Smith (304-X),468,2020-08-18 15:05:40,2020-08-21 15:05:40
Summer Smith (C-132),Summer Smith (C-132),469,2020-08-17 15:05:40,2020-08-20 15:05:40
Summer Smith (Cronenberged dimension),Summer Smith (Cronenberged dimension),470,2020-08-16 15:05:40,2020-08-19 15:05:40
Summer Smith (Evil Rick's Target Dimension),Summer Smith (Evil Rick's Target Dimension),471,2020-08-15 15:05:40,2020-08-18 15:05:40
Summer Smith (Goldenfold's Dream),Summer Smith (Goldenfold's Dream),472,2020-08-14 15:05:40,2020-08-17 15:05:40
Summer's Boyfriend,Summer's Boyfriend,473,2020-08-13 15:05:40,2020-08-16 15:05:40
Summer's Girlfriend,Summer's Girlfriend,474,2020-08-12 15:05:40,2020-08-15 15:05:40
Supernova,Supernova,475,2020-08-11 15:05:40,2020-08-14 15:05:40
Supreme Guard Ricks,Supreme Guard Ricks,476,2020-08-10 15:05:40,2020-08-13 15:05:40
Taddy Mason,Taddy Mason,477,2020-08-09 15:05:40,2020-08-12 15:05:40
Taint Washer,Taint Washer,478,2020-08-08 15:05:40,2020-08-11 15:05:40
Talking Cat,Talking Cat,479,2020-08-07 15:05:40,2020-08-10 15:05:40
Tammy Guterman,Tammy Guterman,480,2020-08-06 15:05:40,2020-08-09 15:05:40
Task Force Alpha,Task Force Alpha,481,2020-08-05 15:05:40,2020-08-08 15:05:40
Teacher Rick,Teacher Rick,482,2020-08-04 15:05:40,2020-08-07 15:05:40
Terry,Terry,483,2020-08-03 15:05:40,2020-08-06 15:05:40
Terryfolds,Terryfolds,484,2020-08-02 15:05:40,2020-08-05 15:05:40
The Garage,The Garage,485,2020-08-01 15:05:40,2020-08-04 15:05:40
The Little Girl,The Little Girl,486,2020-07-31 15:05:40,2020-08-03 15:05:40
The One True Morty,The One True Morty,487,2020-07-30 15:05:40,2020-08-02 15:05:40
The President,The President,488,2020-07-29 15:05:40,2020-08-01 15:05:40
The President of the Miniverse,The President of the Miniverse,489,2020-07-28 15:05:40,2020-07-31 15:05:40
The Scientist Formerly Known as Rick,The Scientist Formerly Known as Rick,490,2020-07-27 15:05:40,2020-07-30 15:05:40
Thomas Lipnip,Thomas Lipnip,491,2020-07-26 15:05:40,2020-07-29 15:05:40
Three Unknown Things,Three Unknown Things,492,2020-07-25 15:05:40,2020-07-28 15:05:40
Ticktock,Ticktock,493,2020-07-24 15:05:40,2020-07-27 15:05:40
Time Bird,Time Bird,494,2020-07-23 15:05:40,2020-07-26 15:05:40
Tina-Teers,Tina-Teers,495,2020-07-22 15:05:40,2020-07-25 15:05:40
Tinkles,Tinkles,496,2020-07-21 15:05:40,2020-07-24 15:05:40
Tiny Rick,Tiny Rick,497,2020-07-20 15:05:40,2020-07-23 15:05:40
Toby Matthews,Toby Matthews,498,2020-07-19 15:05:40,2020-07-22 15:05:40
Todd Crystal,Todd Crystal,499,2020-07-18 15:05:40,2020-07-21 15:05:40
Tommy's Clone,Tommy's Clone,500,2020-07-17 15:05:40,2020-07-20 15:05:40
Tony's Wife,Tony's Wife,501,2020-07-16 15:05:40,2020-07-19 15:05:40
Tophat Jones,Tophat Jones,502,2020-07-15 15:05:40,2020-07-18 15:05:40
Tortured Mortys,Tortured Mortys,503,2020-07-14 15:05:40,2020-07-17 15:05:40
Tough Rat,Tough Rat,504,2020-07-13 15:05:40,2020-07-16 15:05:40
Toxic Morty,Toxic Morty,505,2020-07-12 15:05:40,2020-07-15 15:05:40
Toxic Rick,Toxic Rick,506,2020-07-11 15:05:40,2020-07-14 15:05:40
Traflorkians,Traflorkians,507,2020-07-10 15:05:40,2020-07-13 15:05:40
Trandor,Trandor,508,2020-07-09 15:05:40,2020-07-12 15:05:40
Tricia Lange,Tricia Lange,509,2020-07-08 15:05:40,2020-07-11 15:05:40
Trunk Morty,Trunk Morty,510,2020-07-07 15:05:40,2020-07-10 15:05:40
Trunk People,Trunk People,511,2020-07-06 15:05:40,2020-07-09 15:05:40
Truth Tortoise,Truth Tortoise,512,2020-07-05 15:05:40,2020-07-08 15:05:40
Tumblorkians,Tumblorkians,513,2020-07-04 15:05:40,2020-07-07 15:05:40
Tusked Assassin,Tusked Assassin,514,2020-07-03 15:05:40,2020-07-06 15:05:40
Two Crows,Two Crows,515,2020-07-02 15:05:40,2020-07-05 15:05:40
Two Guys with Handlebar Mustaches,Two Guys with Handlebar Mustaches,516,2020-07-01 15:05:40,2020-07-04 15:05:40
Unity,Unity,517,2020-06-30 15:05:40,2020-07-03 15:05:40
Unmuscular Michaels,Unmuscular Michaels,518,2020-06-29 15:05:40,2020-07-02 15:05:40
Unnamed Uncle,Unnamed Uncle,519,2020-06-28 15:05:40,2020-07-01 15:05:40
Vampire Master,Vampire Master,520,2020-06-27 15:05:40,2020-06-30 15:05:40
Vance Maximus,Vance Maximus,521,2020-06-26 15:05:40,2020-06-29 15:05:40
Ventriloquiver,Ventriloquiver,522,2020-06-25 15:05:40,2020-06-28 15:05:40
Vermigurber,Vermigurber,523,2020-06-24 15:05:40,2020-06-27 15:05:40
Visor Rick,Visor Rick,524,2020-06-23 15:05:40,2020-06-26 15:05:40
Voltamatron,Voltamatron,525,2020-06-22 15:05:40,2020-06-25 15:05:40
Vulvorvians,Vulvorvians,526,2020-06-21 15:05:40,2020-06-24 15:05:40
Warlord of Titan,Warlord of Titan,527,2020-06-20 15:05:40,2020-06-23 15:05:40
Wasp Rick,Wasp Rick,528,2020-06-19 15:05:40,2020-06-22 15:05:40
Water-T,Water-T,529,2020-06-18 15:05:40,2020-06-21 15:05:40
Wedding Bartender,Wedding Bartender,530,2020-06-17 15:05:40,2020-06-20 15:05:40
Weird Rick,Weird Rick,531,2020-06-16 15:05:40,2020-06-19 15:05:40
Western Morty,Western Morty,532,2020-06-15 15:05:40,2020-06-18 15:05:40
Western Rick,Western Rick,533,2020-06-14 15:05:40,2020-06-17 15:05:40
Wharborgarbors,Wharborgarbors,534,2020-06-13 15:05:40,2020-06-16 15:05:40
Woman Rick,Woman Rick,535,2020-06-12 15:05:40,2020-06-15 15:05:40
Worldender,Worldender,536,2020-06-11 15:05:40,2020-06-14 15:05:40
Xing Ho,Xing Ho,537,2020-06-10 15:05:40,2020-06-13 15:05:40
Xorjhans,Xorjhans,538,2020-06-09 15:05:40,2020-06-12 15:05:40
Yaarb,Yaarb,539,2020-06-08 15:05:40,2020-06-11 15:05:40
Yellow Headed Doctor,Yellow Headed Doctor,540,2020-06-07 15:05:40,2020-06-10 15:05:40
Yellow Shirt Rick,Yellow Shirt Rick,541,2020-06-06 15:05:40,2020-06-09 15:05:40
Zarbadar Gloonch,Zarbadar Gloonch,542,2020-06-05 15:05:40,2020-06-08 15:05:40
Zarbadar's Mytholog,Zarbadar's Mytholog,543,2020-06-04 15:05:40,2020-06-07 15:05:40
Zeep Xanflorp,Zeep Xanflorp,544,2020-06-03 15:05:40,2020-06-06 15:05:40
Zerillians,Zerillians,545,2020-06-02 15:05:40,2020-06-05 15:05:40
Zeta Alpha Rick,Zeta Alpha Rick,546,2020-06-01 15:05:40,2020-06-04 15:05:40
Jerry Smith,Jerry Smith,547,2020-05-31 15:05:40,2020-06-03 15:05:40
